id,naslov,raspon_godina_izdavanja_proizvodnje,mjesto_izdavanja_proizvodnje,materijal_podloge,sadrzi_vodeni_znak,vodeni_znak,materijal_uveza,vrsta_uveza,ocuvanost_primjerka_uvez,ocuvanost_primjerka_knjizni_blok,organizacija,provenijencija,imatelj,signatura,sadrzaj
13487,Starinski godovi mrtvih od Kali,1680. - 1873.,Kali,"a – papir, općenito",Tri polumjeseca,1 – papir sadrži vodeni znak,f – karton,"a – izvorni, tj. prvi",b – dobro očuvan,b – dobro očuvan,"Rukopis je dio zbirke glagoljskih kodeksa Zadarske nadbiskupije koju je prikupio don Pavao Kero. U zbirci se nalaze glagoljski rukopisi, uglavnom arhivsko gradivo, pronađeni u župama Zadarske nadbiskupije.",Doneseno iz Župnog ureda Kali u Arhiv zadarske nadbiskupije.,Arhiv Zadarske nadbiskupije,,
13524,Madrikula Bratovštine svetog Sakramenta,1675 -,Kali,"a – papir, općenito","Kruna, zvijezda i mjesec;Slova M i P s trolistom",1 – papir sadrži vodeni znak,f – karton,b – preuvezano,g – restauriran,g – restauriran,"Rukopis je dio zbirke glagoljskih kodeksa Zadarske nadbiskupije koju je prikupio don Pavao Kero. U zbirci se nalaze glagoljski rukopisi, uglavnom arhivsko gradivo, pronađeni u Župama Zadarske nadbiskupije",Doneseno iz Župnog ureda Kali u Arhiv zadarske nadbiskupije.,Arhiv Zadarske nadbiskupije,,
13572,Madrikula Bratovštine svetog Križa,1717. - 1807. i 1857.,Kali,"a – papir, općenito",Tri polumjeseca,,b – koža;f – karton,"a – izvorni, tj. prvi",d – oštećen,d – oštećen,"Rukopis je dio zbirke glagoljskih kodeksa Zadarske nadbiskupije koju je prikupio don Pavao Kero. U zbirci se nalaze glagoljski rukopisi, uglavnom arhivsko gradivo, pronađeni u župama Zadarske nadbiskupije",Doneseno iz Župnog ureda Kali u Arhiv Zadarske nadbiskupije.,Arhiv Zadarske nadbiskupije,,
13574,Madrikula bratovština svetog Sakramenta i svetog Križa (fragmenti),,,"a – papir, općenito",,0 – papir ne sadrži vodeni znak,f – karton,b – preuvezano,g – restauriran,g – restauriran,"Rukopis je dio zbirke glagoljskih kodeksa Zadarske nadbiskupije koju je prikupio don Pavao Kero. U zbirci se nalaze glagoljski rukopisi, uglavnom arhivsko gradivo, pronađeni u Župama Zadarske nadbiskupije",Doneseno iz Župnog ureda Kali u Arhiv zadarske nadbiskupije.,Arhiv Zadarske nadbiskupije,,"Sadržaj je vrlo zanimljiv za Bratovštinu, crkvu i selo."
13604,Madrikula Bratovštine Gospe Sedam žalosti,"1729. - 1807., 1858. - 1966.",Kali,"a – papir, općenito",Slova F i S s trolistom;Ptica na planinama u krugu,1 – papir sadrži vodeni znak,b – koža,k – restaurirani originalni uvez,g – restauriran,g – restauriran,"Rukopis je dio zbirke glagoljskih kodeksa Zadarske nadbiskupije koju je prikupio don Pavao Kero. U zbirci se nalaze glagoljski rukopisi, uglavnom arhivsko gradivo, pronađeni u župama Zadarske nadbiskupije.",Doneseno iz Župnog ureda Kali u Arhiv Zadarske nadbiskupije,Arhiv Zadarske nadbiskupije,,"Sadržaj: 17 kapitula, popis braće, gozbe, dražbe."
13641,Madrikula Bratovštine svetog Trojstva,1683. - 1807. i 1857.,Kali,"a – papir, općenito","Slovo Z;Kruna, zvijezda i mjesec",1 – papir sadrži vodeni znak,f – karton,k – restaurirani originalni uvez,g – restauriran,g – restauriran,"Rukopis je dio zbirke glagoljskih kodeksa Zadarske nadbiskupije koju je prikupio don Pavao Kero. U zbirci se nalaze glagoljski rukopisi, uglavnom arhivsko gradivo, pronađeni u župama Zadarske nadbiskupije.",Doneseno iz Župnog ureda Kali u Arhiv Zadarske nadbiskupije,Arhiv Zadarske nadbiskupije,,"Sadržaj: 15 kapitula, popis bratima i rad Bratovštine."
13642,Madrikula Bratovštine Gospe od Luzarija,1619. - 1733.,Kali,"a – papir, općenito",Slova T i B s trolistom,1 – papir sadrži vodeni znak,b – koža,k – restaurirani originalni uvez,b – dobro očuvan,a – odlično očuvan,"Rukopis je dio zbirke glagoljskih kodeksa Zadarske nadbiskupije koju je prikupio don Pavao Kero. U zbirci se nalaze glagoljski rukopisi, uglavnom arhivsko gradivo, pronađeni u župama Zadarske nadbiskupije.",Doneseno iz Župnog ureda Kali u Arhiv Zadarske nadbiskupije.,Arhiv Zadarske nadbiskupije,,"Sadržaj: 28 kapitula (str. 1-6), koji odišu starinom kao i jezik; popis braće svećenika i svjetovnjaka (str. 7-10, 13-18); rad bratovština Sv. Skramenta i Sv. Lovre te crkveni računi. Vrlo su zanimljivi podatci o bratovštinama, o župnoj crkvi i seoskim društvenim odnosima."
13650,Govorenje od posluha,18. st.,Sali,"a – papir, općenito",Tri polumjeseca;Slovo C,1 – papir sadrži vodeni znak,b – koža,"a – izvorni, tj. prvi",e – oštećen hrbat,b – dobro očuvan,"Rukopis je dio zbirke glagoljskih kodeksa Zadarske nadbiskupije koju je prikupio don Pavao Kero. U zbirci se nalaze glagoljski rukopisi, uglavnom arhivsko gradivo, pronađeni u župama Zadarske nadbiskupije.",Doneseno iz Župnog ureda Sali u Arhiv Zadarske nadbiskupije.,Arhiv Zadarske nadbiskupije,,
13653,Madrikula Braće zmorašnjeg kraja,1658. - 1791.,Sali,"a – papir, općenito",Tri mjeseca;Dva broja 8,1 – papir sadrži vodeni znak,b – koža,k – restaurirani originalni uvez,g – restauriran,g – restauriran,"Rukopis je dio zbirke glagoljskih kodeksa Zadarske nadbiskupije koju je prikupio don Pavao Kero. U zbirci se nalaze glagoljski rukopisi, uglavnom arhivsko gradivo, pronađeni u župama Zadarske nadbiskupije.",Doneseno iz Župnog ureda Kali u Arhiv Zadarske nadbiskupije.,Arhiv Zadarske nadbiskupije,,
13669,Madrikula laičko - svećeničke Bratovštine svetog Karla Boromejskoga,1640. - 1814.,Sali,"a – papir, općenito",Tri mjeseca;Trolist sa slovima S i S,1 – papir sadrži vodeni znak,d – platno,"a – izvorni, tj. prvi",b – dobro očuvan,a – odlično očuvan,"Rukopis je dio zbirke glagoljskih kodeksa Zadarske nadbiskupije koju je prikupio don Pavao Kero. U zbirci se nalaze glagoljski rukopisi, uglavnom arhivsko gradivo, pronađeni u župama Zadarske nadbiskupije.",Doneseno iz Župnog ureda Sali u Arhiv Zadarske nadbiskupije. Na stranici 24v nalazi se pečat nadbiskupa Vicka Zmajevića.,Arhiv Zadarske nadbiskupije,,
13677,Namirnice za izgovorene mise,,Sali,"a – papir, općenito","Inicijali G, B i F s ornamentom;Ptica;Ornamenti;Slova G i D;Slova I i F s polumjesecom;Slova F i V;Ptica s natpisom ROSA;Slova M i C u srcu;Grb",1 – papir sadrži vodeni znak,z – drugo,,f – nedostaje uvez,b – dobro očuvan,"Rukopis je dio zbirke glagoljskih kodeksa Zadarske nadbiskupije koju je prikupio don Pavao Kero. U zbirci se nalaze glagoljski rukopisi, uglavnom arhivsko gradivo, pronađeni u župama Zadarske nadbiskupije.","Kodeks je nekoć pripadao obitelji Petricioli, a danas je vlasništvo Župnog ureda u Salima. Sada u Arhivu Zadarske nadbiskupije.",Arhiv Zadarske nadbiskupije,,"Sadržaj: evidencija o izgovorenim i podmirenim misama za razdoblje od 1785. do 1800. godine. Za neke godine podatci nedostaju. Na prednjoj korici zapis talijanskim jezikom: ""Carte scritte in Illirico relative alla chiesa Parrochiale di Sale."""
13686,Libar lašov crkve svete Marije,,Sali,"a – papir, općenito",Sunce;Trolist sa slovom A i brojem 3,1 – papir sadrži vodeni znak,b – koža,"e – restauriran, imitacija",g – restauriran,g – restauriran,"Rukopis je dio zbirke glagoljskih kodeksa Zadarske nadbiskupije koju je prikupio don Pavao Kero. U zbirci se nalaze glagoljski rukopisi, uglavnom arhivsko gradivo, pronađeni u župama Zadarske nadbiskupije.",Vlasništvo Župnog ureda u Salima. Sada u Arhivu Zadarske nadbiskupije.,Arhiv Zadarske nadbiskupije,,"Prva je bilješka iz 1658. godine. Sadržaj: popis laši, tj. ostavština župniku i kapelanu Župe Sv. Marije u Salima i to u kućama, najmovima, maslinama, vinogradima; različite zamjene zemalja i sl. Pri kraju su prijepisi 26 oporuka."
13690,Madrikula Bratovštine Gospe Ruzarija,XVII. - XIX. st.,Sali,"a – papir, općenito",Tri mjeseca;Trolist sa slovima A i C,1 – papir sadrži vodeni znak,b – koža,"e – restauriran, imitacija",b – dobro očuvan,b – dobro očuvan,"Rukopis je dio zbirke glagoljskih kodeksa Zadarske nadbiskupije koju je prikupio don Pavao Kero. U zbirci se nalaze glagoljski rukopisi, uglavnom arhivsko gradivo, pronađeni u župama Zadarske nadbiskupije.",Doneseno iz Župnog ureda Kali u Arhiv Zadarske nadbiskupije.,Arhiv Zadarske nadbiskupije,,
13692,Matična knjiga krizmanih,1698. - 1825.,Sali,"a – papir, općenito",Tri mjeseca;Slovo Z,1 – papir sadrži vodeni znak,b – koža,"a – izvorni, tj. prvi",a – odlično očuvan,a – odlično očuvan,"Rukopis je dio zbirke glagoljskih kodeksa Zadarske nadbiskupije koju je prikupio don Pavao Kero. U zbirci se nalaze glagoljski rukopisi, uglavnom arhivsko gradivo, pronađeni u župama Zadarske nadbiskupije.",Doneseno iz Župnog ureda Sali u Arhiv Zadarske nadbiskupije.,Arhiv Zadarske nadbiskupije,,
13696,"Knjiga Stanje duša, 1695. – 1825.",1695. – 1825.,Sali,"a – papir, općenito","Tri polumjeseca;Slova G, M i Z s križem",1 – papir sadrži vodeni znak,b – koža,"a – izvorni, tj. prvi",a – odlično očuvan,a – odlično očuvan,"Rukopis je dio zbirke glagoljskih kodeksa Zadarske nadbiskupije koju je prikupio don Pavao Kero. U zbirci se nalaze glagoljski rukopisi, uglavnom arhivsko gradivo, pronađeni u župama Zadarske nadbiskupije.",Doneseno iz Župnog ureda Kali u Arhiv Zadarske nadbiskupije.,Arhiv Zadarske nadbiskupije,,Na str. 76 je zabilježeno da godine 1844. Sali imaju 555 duša.
13705,Libar braće svete Marije,,Sali,"a – papir, općenito",Bik;Sidro sa zvijezdom;Slovo U,1 – papir sadrži vodeni znak,f – karton,"a – izvorni, tj. prvi",a – odlično očuvan,b – dobro očuvan,"Rukopis je dio zbirke glagoljskih kodeksa Zadarske nadbiskupije koju je prikupio don Pavao Kero. U zbirci se nalaze glagoljski rukopisi, uglavnom arhivsko gradivo, pronađeni u župama Zadarske nadbiskupije.",Doneseno iz Župnog ureda Sali u Arhiv Zadarske nadbiskupije.,Arhiv Zadarske nadbiskupije,,
13736,Madrikula Bratovštine svetoga Sakramenta,1753. ‒ 1862.,Žman,"a – papir, općenito",Tri polumjeseca sa slovom Z,1 – papir sadrži vodeni znak,f – karton,l – restaurirani neoriginalni uvez,a – odlično očuvan,a – odlično očuvan,"Rukopis je dio zbirke glagoljskih kodeksa Zadarske nadbiskupije koju je prikupio don Pavao Kero. U zbirci se nalaze glagoljski rukopisi, uglavnom arhivsko gradivo, pronađeni u župama Zadarske nadbiskupije.",Doneseno iz Župnog ureda Žman u Arhiv Zadarske nadbiskupije.,Arhiv Zadarske nadbiskupije,,"Na str. 2, godine 1829. piše: ""Madrikula od Xmana skulle Suetogha Sakarmenta i Brašchine o Xmana sluxechi po redu jedan za drugim koi bude umiti vladati što ima Carkva S. Ivana Karstitelja gnijega neka bracha metnu a ne budalu koi bi prosuja neka se vlada što mu zapovida madrikula."""
13747,Knjiga Stanje duša,1670. - 1694.,Žman,"a – papir, općenito","Grb s lanternom;Slova I, B i N s dodatnim motivom;Slova I i C s trolistom;Ornament;Slovo Z",1 – papir sadrži vodeni znak,e – umjetna tkanina;f – karton,"e – restauriran, imitacija",a – odlično očuvan,a – odlično očuvan,"Rukopis je dio zbirke glagoljskih kodeksa Zadarske nadbiskupije koju je prikupio don Pavao Kero. U zbirci se nalaze glagoljski rukopisi, uglavnom arhivsko gradivo, pronađeni u župama Zadarske nadbiskupije.",Doneseno iz Župnog ureda Žman u Arhiv Zadarske nadbiskupije.,Arhiv Zadarske nadbiskupije,,
13748,Matična knjiga krštenih,1613. - 1649.,Žman,"a – papir, općenito",Samostrel u krugu s trolistom;Peterolist,1 – papir sadrži vodeni znak,e – umjetna tkanina;f – karton,"e – restauriran, imitacija",a – odlično očuvan,a – odlično očuvan,"Rukopis je dio zbirke glagoljskih kodeksa Zadarske nadbiskupije koju je prikupio don Pavao Kero. U zbirci se nalaze glagoljski rukopisi, uglavnom arhivsko gradivo, pronađeni u župama Zadarske nadbiskupije.",Doneseno iz Župnog ureda Žman u Arhiv Zadarske nadbiskupije.,Arhiv Zadarske nadbiskupije,,"Od 1640. do 1645. župnik Hrvatinić bilježi godine sa sat = sto. Na primjer: ""Č. h. sat. k. d. (1645.)"". Od 1613. do 1617. broj krštenih je između 11 i 17 godišnje, a inače po dvoje djece. Po svoj prilici, to je posljedica nadolaska izbjeglica."
13749,Matična knjiga krštenih,1652. - 1668.,Žman,"a – papir, općenito","Jaganjac Božji;Trolist sa slovima T, B i V",1 – papir sadrži vodeni znak,e – umjetna tkanina;f – karton,"e – restauriran, imitacija",a – odlično očuvan,a – odlično očuvan,": Rukopis je dio zbirke glagoljskih kodeksa Zadarske nadbiskupije koju je prikupio don Pavao Kero. U zbirci se nalaze glagoljski rukopisi, uglavnom arhivsko gradivo, pronađeni u župama Zadarske nadbiskupije.",Doneseno iz Župnog ureda Žman u Arhiv Zadarske nadbiskupije.,Arhiv Zadarske nadbiskupije,,
13750,Matična knjiga vjenčanih,1651. - 1668.,Žman,"a – papir, općenito","Jaganjac Božji;Slova T, B i V s trolistom",1 – papir sadrži vodeni znak,e – umjetna tkanina;f – karton,"e – restauriran, imitacija",b – dobro očuvan,a – odlično očuvan,"Rukopis je dio zbirke glagoljskih kodeksa Zadarske nadbiskupije koju je prikupio don Pavao Kero. U zbirci se nalaze glagoljski rukopisi, uglavnom arhivsko gradivo, pronađeni u župama Zadarske nadbiskupije.",Doneseno iz Župnog ureda Žman u Arhiv Zadarske nadbiskupije.,Arhiv Zadarske nadbiskupije,,"Na prednjoj korici piše: ""Libar od matarminiê"". Nekad se upotrebljava slovo ""v"" umjesto ""u"" i slovo ""ć"" umjesto ""c"", npr. ""v ćrikvi"". I u ovoj je matici zapisan način kako se treba upisivati vjenčanja i dodana je bilješka: ""Ki ne umi štiti slova latinska, ne more dilovati sakrament matrimonia."" Dakle, Kašićev ritual bio je strogo propisan."
13751,Matična knjiga vjenčanih,1668. - 1799.,Žman,"a – papir, općenito",Cvijet;Slova I i B s trolistom,1 – papir sadrži vodeni znak,f – karton,"e – restauriran, imitacija",a – odlično očuvan,b – dobro očuvan,"Rukopis je dio zbirke glagoljskih kodeksa Zadarske nadbiskupije koju je prikupio don Pavao Kero. U zbirci se nalaze glagoljski rukopisi, uglavnom arhivsko gradivo, pronađeni u župama Zadarske nadbiskupije.",Doneseno iz Župnog ureda Žman u Arhiv Zadarske nadbiskupije.,Arhiv Zadarske nadbiskupije,,Zanimljiv kodeks zbog brojnih patronima mladenaca iz okolice.
13847,Računi Bratovštine duš od purgatorija,1723. - 1750.,Olib,"a – papir, općenito",,1 – papir sadrži vodeni znak,f – karton,k – restaurirani originalni uvez,g – restauriran,b – dobro očuvan,"Rukopis je dio zbirke glagoljskih kodeksa Zadarske nadbiskupije koju je prikupio don Pavao Kero. U zbirci se nalaze glagoljski rukopisi, uglavnom arhivsko gradivo, pronađeni u župama Zadarske nadbiskupije.",Doneseno iz Župnog ureda Olib u Arhiv Zadarske nadbiskupije.,Arhiv Zadarske nadbiskupije,,
13848,Madrikula Bratovštine svetog Roka,1732. - 1827.,Olib,"a – papir, općenito",,1 – papir sadrži vodeni znak,f – karton,k – restaurirani originalni uvez,g – restauriran,g – restauriran,"Rukopis je dio zbirke glagoljskih kodeksa Zadarske nadbiskupije koju je prikupio don Pavao Kero. U zbirci se nalaze glagoljski rukopisi, uglavnom arhivsko gradivo, pronađeni u župama Zadarske nadbiskupije.",Doneseno iz Župnog ureda Olib u Arhiv Zadarske nadbiskupije.,Arhiv Zadarske nadbiskupije,,"Sadržaj: poslovanje Bratovštine sv. Roka u Olibu:""1732 agusta na 16 ovo mi braća sv. Roka odabrasmo digana muža starjega Šimuna Cukrića a mlajega Petra Žuvanića pridsmo jin pinez tolari gorovih 10"" (f. 1r);  ""Na svetog Roka dah za ofertu li(bar) 6 i po"" (f. 4v). Na listu 52r nalazi se kupoprodajni ugovor od 6. svibnja 1799. pisan latinicom."
13849,Kvateran Bratovštine Gospe Luzarija i Gospe Karmena,1752. - 1797.,Olib,"a – papir, općenito",,1 – papir sadrži vodeni znak,f – karton,k – restaurirani originalni uvez,g – restauriran,g – restauriran,"Rukopis je dio zbirke glagoljskih kodeksa Zadarske nadbiskupije koju je prikupio don Pavao Kero. U zbirci se nalaze glagoljski rukopisi, uglavnom arhivsko gradivo, pronađeni u župama Zadarske nadbiskupije.",Doneseno iz Župnog ureda Olib u Arhiv Zadarske nadbiskupije.,Arhiv Zadarske nadbiskupije,,
13850,Madrikula Bratovštine svetog Petra i Pavla,1729. - 1822.,Olib,"a – papir, općenito",,1 – papir sadrži vodeni znak,f – karton,k – restaurirani originalni uvez,g – restauriran,g – restauriran,"Rukopis je dio zbirke glagoljskih kodeksa Zadarske nadbiskupije koju je prikupio don Pavao Kero. U zbirci se nalaze glagoljski rukopisi, uglavnom arhivsko gradivo, pronađeni u župama Zadarske nadbiskupije.",Doneseno iz Župnog ureda Olib u Arhiv Zadarske nadbiskupije.,Arhiv Zadarske nadbiskupije,,
13851,Matična knjiga krizmanih,1718. - 1797.,Olib,"a – papir, općenito",,1 – papir sadrži vodeni znak,f – karton,"a – izvorni, tj. prvi",c – istrošen,d – oštećen,"Rukopis je dio zbirke glagoljskih kodeksa Zadarske nadbiskupije koju je prikupio don Pavao Kero. U zbirci se nalaze glagoljski rukopisi, uglavnom arhivsko gradivo, pronađeni u župama Zadarske nadbiskupije.",Doneseno iz Župnog ureda Olib u Arhiv Zadarske nadbiskupije.,Arhiv Zadarske nadbiskupije,,"Na listu 2r piše: ""Na 1718 na 17 maja u pohoienu crikve s Nastasie na Olibu prisvitli gospodin Visko Zmajević arhibiskup zadarski maneštraše sveti Sakramenat od krizme u crikvi parokijalski a to u s(vetoj) Nastasiji na Olibu."""
13855,Kvateran Bratovštine Gospe od Uznesenja,1724. - 1830.,Olib,"a – papir, općenito",,1 – papir sadrži vodeni znak,b – koža,"a – izvorni, tj. prvi",d – oštećen,d – oštećen,"Rukopis je dio zbirke glagoljskih kodeksa Zadarske nadbiskupije koju je prikupio don Pavao Kero. U zbirci se nalaze glagoljski rukopisi, uglavnom arhivsko gradivo, pronađeni u župama Zadarske nadbiskupije.",Doneseno iz Župnog ureda Olib u Arhiv Zadarse nadbiskupije.,Arhiv Zadarske nadbiskupije,,
13860,Matična knjiga umrlih,1612. - 1650.,Žman,"a – papir, općenito",Peterolist;Samostrel s trolistom,1 – papir sadrži vodeni znak,f – karton,k – restaurirani originalni uvez,a – odlično očuvan,a – odlično očuvan,"Rukopis je dio zbirke glagoljskih kodeksa Zadarske nadbiskupije koju je prikupio don Pavao Kero. U zbirci se nalaze glagoljski rukopisi, uglavnom arhivsko gradivo, pronađeni u župama Zadarske nadbiskupije.",Doneseno iz Župnog ureda Žman u Arhiv Zadarske nadbiskupije.,Arhiv Zadarske nadbiskupije,,"Na str. 80 bilješka: ""Poklon, pozdravljenje"". Broj umrlih kroz godinu kretao se od 1 do10. Godine 1622. je umrla 31 osoba, a 1623. su bila 33 smrtna slučaja. Zacijelo je tih godina harala kuga."
13861,Matična knjiga vjenčanih,1607. - 1613.,Žman,"a – papir, općenito",Vaza sa cvijetom,1 – papir sadrži vodeni znak,f – karton,k – restaurirani originalni uvez,a – odlično očuvan,a – odlično očuvan,"Rukopis je dio zbirke glagoljskih kodeksa Zadarske nadbiskupije koju je prikupio don Pavao Kero. U zbirci se nalaze glagoljski rukopisi, uglavnom arhivsko gradivo, pronađeni u župama Zadarske nadbiskupije.",Doneseno iz Župnog ureda Žman u Arhiv Zadarske nadbiskupije.,Arhiv Zadarske nadbiskupije,,"Zapor označuje zapreku. Nekad piše ćrikvi umjesto crikvi. Glagoljsko slovo ""e"" piše s dvije točke umjesto jednom točkom sprijeda, a ""jus"" piše neobično, tj. skoro kao kurzivno ""e"" s donjom crtom protegnutom."
13863,Matična knjiga vjenčanih,1607. - 1610.,Žman,"a – papir, općenito",Samostrel u polukrugu s trolistom,1 – papir sadrži vodeni znak,e – umjetna tkanina;f – karton,k – restaurirani originalni uvez,a – odlično očuvan,b – dobro očuvan,"Rukopis je dio zbirke glagoljskih kodeksa Zadarske nadbiskupije koju je prikupio don Pavao Kero. U zbirci se nalaze glagoljski rukopisi, uglavnom arhivsko gradivo, pronađeni u župama Zadarske nadbiskupije.",Doneseno iz Župnog ureda Žman u Arhiv Zadarske nadbiskupije.,Arhiv Zadarske nadbiskupije,,"Na početku piše: ""Od matrmonija""."
13864,Matična knjiga krizmanih,1618. - 1663.,Žman,"a – papir, općenito",Samostrel u krugu s trolistom;Peterolist,1 – papir sadrži vodeni znak,e – umjetna tkanina;f – karton,k – restaurirani originalni uvez,a – odlično očuvan,a – odlično očuvan,"Rukopis je dio zbirke glagoljskih kodeksa Zadarske nadbiskupije koju je prikupio don Pavao Kero. U zbirci se nalaze glagoljski rukopisi, uglavnom arhivsko gradivo, pronađeni u župama Zadarske nadbiskupije.",Doneseno iz Župnog ureda Žman u Arhiv Zadarske nadbiskupije.,Arhiv Zadarske nadbiskupije,,"Sadrži popis krizmanih prigodom biskupskih vizitacija u Žmanu u godinama: 1618., 1625., 1635., 1643., 1651. i 1663."
13865,Matična knjiga umrlih,1650. - 1668.[indg],Žman,"a – papir, općenito",Jaganjac Božji;Slova T i B s trolistom,1 – papir sadrži vodeni znak,e – umjetna tkanina;f – karton,k – restaurirani originalni uvez,a – odlično očuvan,a – odlično očuvan,"Rukopis je dio zbirke glagoljskih kodeksa Zadarske nadbiskupije koju je prikupio don Pavao Kero. U zbirci se nalaze glagoljski rukopisi, uglavnom arhivsko gradivo, pronađeni u župama Zadarske nadbiskupije.",Doneseno iz Župnog ureda Žman u Arhiv Zadarske nadbiskupije.,Arhiv Zadarske nadbiskupije,,"Na prednjoj korici piše: ""Libar od martvih"" i ""Mortuorum de Asmano"" (latinica). Neki se put glagoljsko slovo ""št"" stavlja umjesto ""c"", npr. Marišta umjesto Marica."
13866,Matična knjiga krštenih,1607. - 1610.,Žman,"a – papir, općenito",Samostrel u krugu s trolistom,1 – papir sadrži vodeni znak,e – umjetna tkanina;f – karton,k – restaurirani originalni uvez,a – odlično očuvan,a – odlično očuvan,"Rukopis je dio zbirke glagoljskih kodeksa Zadarske nadbiskupije koju je prikupio don Pavao Kero. U zbirci se nalaze glagoljski rukopisi, uglavnom arhivsko gradivo, pronađeni u župama Zadarske nadbiskupije.",Doneseno iz Župnog ureda Žman u Arhiv Zadarske nadbiskupije.,Arhiv Zadarske nadbiskupije,,
13867,Matična knjiga umrlih,1607. - 1612.,Žman,"a – papir, općenito",Slova C i C s trolistom;Samostrel s trolistom,1 – papir sadrži vodeni znak,e – umjetna tkanina;f – karton,k – restaurirani originalni uvez,a – odlično očuvan,a – odlično očuvan,"Rukopis je dio zbirke glagoljskih kodeksa Zadarske nadbiskupije koju je prikupio don Pavao Kero. U zbirci se nalaze glagoljski rukopisi, uglavnom arhivsko gradivo, pronađeni u župama Zadarske nadbiskupije.",Doneseno iz Župnog ureda Kali u Arhiv Zadarske nadbiskupije.,Arhiv Zadarske nadbiskupije,,
13874,Matična knjiga krštenih,1607. - 1613.,Žman,"a – papir, općenito",Samostrel u polukrugu s trolistom,1 – papir sadrži vodeni znak,e – umjetna tkanina;f – karton,k – restaurirani originalni uvez,a – odlično očuvan,a – odlično očuvan,"Rukopis je dio zbirke glagoljskih kodeksa Zadarske nadbiskupije koju je prikupio don Pavao Kero. U zbirci se nalaze glagoljski rukopisi, uglavnom arhivsko gradivo, pronađeni u župama Zadarske nadbiskupije.",Doneseno iz Župnog ureda Žman u Arhiv Zadarske nadbiskupije.,Arhiv Zadarske nadbiskupije,,
13878,Glagoljska matica krizmanih,1607,Žman,"a – papir, općenito",Samostrel u krugu s trolistom,1 – papir sadrži vodeni znak,e – umjetna tkanina;f – karton,k – restaurirani originalni uvez,a – odlično očuvan,b – dobro očuvan,"Rukopis je dio zbirke glagoljskih kodeksa Zadarske nadbiskupije koju je prikupio don Pavao Kero. U zbirci se nalaze glagoljski rukopisi, uglavnom arhivsko gradivo, pronađeni u župama Zadarske nadbiskupije.",Doneseno iz Župnog ureda Žman u Arhiv Zadarske nadbiskupije.,Arhiv Zadarske nadbiskupije,"HR-AZDN-43 Zbirka matičnih knjiga i parica matičnih knjiga Zadarske nadbiskupije, inv. br. 79",
13882,Knjiga godova,,Žman,"a – papir, općenito","Polumjeseci sa slovima;Slova G, I i A",1 – papir sadrži vodeni znak,g – papir,"a – izvorni, tj. prvi",f – nedostaje uvez,b – dobro očuvan,"Rukopis je dio zbirke glagoljskih kodeksa Zadarske nadbiskupije koju je prikupio don Pavao Kero. U zbirci se nalaze glagoljski rukopisi, uglavnom arhivsko gradivo, pronađeni u župama Zadarske nadbiskupije.",Doneseno iz Župnog ureda Žman u Arhiv Zadarske nadbiskupije.,Arhiv Zadarske nadbiskupije,,
13887,"Madrikula Bratovštine Gospe od Luzarija i Karmena, 1684. ‒ 1793.",1684. ‒ 1793.,Olib,"a – papir, općenito",Grb;Slovo Z,1 – papir sadrži vodeni znak,f – karton,k – restaurirani originalni uvez,a – odlično očuvan,a – odlično očuvan,"Rukopis je dio zbirke glagoljskih kodeksa Zadarske nadbiskupije koju je prikupio don Pavao Kero. U zbirci se nalaze glagoljski rukopisi, uglavnom arhivsko gradivo, pronađeni u župama Zadarske nadbiskupije.",Doneseno iz Župnog ureda Olib u Arhiv Zadarske nadbiskupije.,Arhiv Zadarske nadbiskupije,,"Na f. 37v piše: ""Dah redovnikom na Gospu od Luzarija li(bar) 8, na Gospu od Karmena li(bar) 8.""  Sadrži prihod i rashod Bratovštine."
13897,Kvateran prokaraturov župne crkve,1766. – 1784.,Olib,"a – papir, općenito",,1 – papir sadrži vodeni znak,f – karton;g – papir,k – restaurirani originalni uvez,a – odlično očuvan,a – odlično očuvan,"Rukopis je dio zbirke glagoljskih kodeksa Zadarske nadbiskupije koju je prikupio don Pavao Kero. U zbirci se nalaze glagoljski rukopisi, uglavnom arhivsko gradivo, pronađeni u župama Zadarske nadbiskupije.",Doneseno iz Župnog ureda Olib u Arhiv Zadarske nadbiskupije.,Arhiv Zadarske nadbiskupije,,
13898,Knjiga godova,,Banj,"a – papir, općenito",Tri polumjeseca,1 – papir sadrži vodeni znak,g – papir,k – restaurirani originalni uvez,g – restauriran,b – dobro očuvan,"Rukopis je dio zbirke glagoljskih kodeksa Zadarske nadbiskupije koju je prikupio don Pavao Kero. U zbirci se nalaze glagoljski rukopisi, uglavnom arhivsko gradivo, pronađeni u župama Zadarske nadbiskupije.",Doneseno iz Župnog ureda Banj u Arhiv Zadarske nadbiskupije.,Arhiv Zadarske nadbiskupije,,Knjiga godova. Zadnji aniversarij (god) iz 1862. godine. Prepisana oko 1810. godine.
13899,,,,"a – papir, općenito",Zvijezda u krugu,1 – papir sadrži vodeni znak,f – karton,k – restaurirani originalni uvez,,,,,,,
13900,Madrikula Bratovštine svetog Tila (Sakramenta),1669. – 1782.,Banj,"a – papir, općenito",Zvijezda u krugu,1 – papir sadrži vodeni znak,f – karton,k – restaurirani originalni uvez,b – dobro očuvan,b – dobro očuvan,"Rukopis je dio zbirke glagoljskih kodeksa Zadarske nadbiskupije koju je prikupio don Pavao Kero. U zbirci se nalaze glagoljski rukopisi, uglavnom arhivsko gradivo, pronađeni u župama Zadarske nadbiskupije.",Doneseno iz Župnog ureda Banj u Arhiv Zadarske nadbiskupije.,Arhiv Zadarske nadbiskupije,,"Bez kapitula (pravila), s mnogo podataka o radu Bratovštine. Sadržaj: crkveno, bratimsko i seosko poslovanje u korist puka i crkve."
13901,Madrikula Bratovštine svetog Križa,1767. – 1816.,Banj,"a – papir, općenito",Slovo B,1 – papir sadrži vodeni znak,f – karton,k – restaurirani originalni uvez,b – dobro očuvan,b – dobro očuvan,"Rukopis je dio zbirke glagoljskih kodeksa Zadarske nadbiskupije koju je prikupio don Pavao Kero. U zbirci se nalaze glagoljski rukopisi, uglavnom arhivsko gradivo, pronađeni u župama Zadarske nadbiskupije.",Doneseno iz Župnog ureda Banj u Arhiv Zadarske nadbiskupije.,Arhiv Zadarske nadbiskupije,,"Sadržaj: dražbe, globe, troškovi i drugo poslovanje. Bez kapitula."
13902,Madrikula Bratovštine svetog Sakramenta,1791. – 1816.,Banj,"a – papir, općenito",Slova F i S;Ptica s dvije glave i krunom,1 – papir sadrži vodeni znak,f – karton,"a – izvorni, tj. prvi",b – dobro očuvan,c – istrošen,"Rukopis je dio zbirke glagoljskih kodeksa Zadarske nadbiskupije koju je prikupio don Pavao Kero. U zbirci se nalaze glagoljski rukopisi, uglavnom arhivsko gradivo, pronađeni u župama Zadarske nadbiskupije.",Doneseno iz Župnog ureda Banj u Arhiv Zadarske nadbiskupije.,Arhiv Zadarske nadbiskupije,,
13903,Madrikula svetog Ante,1839. -,Banj,"a – papir, općenito",Slova M i A;Štit s polumjesecom;Grb s polumjesecom;Slovo V;Slovo G,1 – papir sadrži vodeni znak,f – karton,"a – izvorni, tj. prvi",b – dobro očuvan,b – dobro očuvan,"Rukopis je dio zbirke glagoljskih kodeksa Zadarske nadbiskupije koju je prikupio don Pavao Kero. U zbirci se nalaze glagoljski rukopisi, uglavnom arhivsko gradivo, pronađeni u župama Zadarske nadbiskupije.",,Arhiv Zadarske nadbiskupije,,"Sadržaj: popis braće, troškova i gozbi."
13904,Matična knjiga krštenih,1772.-1828.,Rava,"a – papir, općenito","Ornament s inicijalima P, A i B;Grb s krunom;Ptica i slova I i C u ornamentu;Slovo A",1 – papir sadrži vodeni znak,f – karton,k – restaurirani originalni uvez,b – dobro očuvan,c – istrošen,"Rukopis je dio zbirke glagoljskih kodeksa Zadarske nadbiskupije koju je prikupio don Pavao Kero. U zbirci se nalaze glagoljski rukopisi, uglavnom arhivsko gradivo, pronađeni u župama Zadarske nadbiskupije.",Doneseno iz Župnog ureda Rava u Arhiv Zadarske nadbiskupije.,Arhiv Zadarske nadbiskupije,,
13905,Matična knjiga vjenčanih,1779. - 1828.,Rava,"a – papir, općenito",Slova G i A;Slovo A;Grb s krunom,1 – papir sadrži vodeni znak,f – karton,k – restaurirani originalni uvez,c – istrošen,c – istrošen,"Rukopis je dio zbirke glagoljskih kodeksa Zadarske nadbiskupije koju je prikupio don Pavao Kero. U zbirci se nalaze glagoljski rukopisi, uglavnom arhivsko gradivo, pronađeni u župama Zadarske nadbiskupije.",Doneseno iz Župnog ureda Rava u Arhiv Zadarske nadbiskupije.,Arhiv Zadarske nadbiskupije,,
13906,Matična knjiga umrlih,1736. - 1830.,Rava,"a – papir, općenito",Cvijet;Slova G i B s trolistom;Grb s krunom i četveronošcem;Slova M i R;Ornament s polumjesecima;Slovo F,1 – papir sadrži vodeni znak,f – karton,"a – izvorni, tj. prvi",b – dobro očuvan,b – dobro očuvan,"Rukopis je dio zbirke glagoljskih kodeksa Zadarske nadbiskupije koju je prikupio don Pavao Kero. U zbirci se nalaze glagoljski rukopisi, uglavnom arhivsko gradivo, pronađeni u župama Zadarske nadbiskupije.",Doneseno iz Župnog ureda Rava u Arhiv Zadarske nadbiskupije.,Arhiv Zadarske nadbiskupije,,
13907,Ventarij od duš,1657. - 1809.,Rava,"a – papir, općenito",Ornament s trolistom;Jaganjac Božji;Slovo M s trolistom;Slova I i S s trolistom;Cvijet s pet latica;Slova L i A;Grb s krunom i životinjom;Slova M i R;Trolist sa slovima G i S;Ptica na planinama u krugu,1 – papir sadrži vodeni znak,f – karton,k – restaurirani originalni uvez,b – dobro očuvan,c – istrošen,"Rukopis je dio zbirke glagoljskih kodeksa Zadarske nadbiskupije koju je prikupio don Pavao Kero. U zbirci se nalaze glagoljski rukopisi, uglavnom arhivsko gradivo, pronađeni u župama Zadarske nadbiskupije.",Doneseno iz Župnog ureda Rava u Arhiv Zadarske nadbiskupije.,Arhiv Zadarske nadbiskupije,,"Sadržaj: popis ""spovidanih i komunikanih (pričešćenih)"" za svaku godinu te broj duša. Važan radi broja stanovnika i prezimena u selu."
13908,Madrikula Bratovštine svetog Roka,1764. - 1892.,Rava,"a – papir, općenito",Ptica s dvije glave i krunom;Ptica;Trolist sa slovima G i B,1 – papir sadrži vodeni znak,f – karton,k – restaurirani originalni uvez,b – dobro očuvan,c – istrošen,"Rukopis je dio zbirke glagoljskih kodeksa Zadarske nadbiskupije koju je prikupio don Pavao Kero. U zbirci se nalaze glagoljski rukopisi, uglavnom arhivsko gradivo, pronađeni u župama Zadarske nadbiskupije.",,Arhiv Zadarske nadbiskupije,,"Sadržaj: 12 kapitula, popis braće, dražbe (kanti) i nekoliko drugih bilježaka."
13909,Kopija iz Libra kvaterna,1769. - 1849.,Rava,"a – papir, općenito","Slova F i G s ljiljanom;Slovo F sa cvijetom;Slova A, F i G;Spiralni ornament;Ptica na postolju;Ptica u krugu;Ptica na planini;Slova V i G;Ptica u štitu;Ptica iznad kule",1 – papir sadrži vodeni znak,b – koža,k – restaurirani originalni uvez,c – istrošen,c – istrošen,"Rukopis je dio zbirke glagoljskih kodeksa Zadarske nadbiskupije koju je prikupio don Pavao Kero. U zbirci se nalaze glagoljski rukopisi, uglavnom arhivsko gradivo, pronađeni u župama Zadarske nadbiskupije.",Doneseno iz Župnog ureda Rava u Arhiv Zadarske nadbiskupije.,Arhiv Zadarske nadbiskupije,,"Sadržaj: razni laši, teštamenti, crkveni računi do 1849., računi bratovština te neke bilješke iz 1581. i 1666. (u prijepisu)."
13910,Matična knjiga vjenčanih,1650. - 1695.,Silba,"a – papir, općenito",Ljiljan u krugu,1 – papir sadrži vodeni znak,f – karton,k – restaurirani originalni uvez,b – dobro očuvan,b – dobro očuvan,"Rukopis je dio zbirke glagoljskih kodeksa Zadarske nadbiskupije koju je prikupio don Pavao Kero. U zbirci se nalaze glagoljski rukopisi, uglavnom arhivsko gradivo, pronađeni u župama Zadarske nadbiskupije.",,Arhiv Zadarske nadbiskupije,,
13911,Matična knjiga umrlih,1696. - 1712.,Silba,"a – papir, općenito","Tri mjeseca;Slova I, B i V sa trolistom",1 – papir sadrži vodeni znak,f – karton,k – restaurirani originalni uvez,b – dobro očuvan,c – istrošen,"Rukopis je dio zbirke glagoljskih kodeksa Zadarske nadbiskupije koju je prikupio don Pavao Kero. U zbirci se nalaze glagoljski rukopisi, uglavnom arhivsko gradivo, pronađeni u župama Zadarske nadbiskupije.",Doneseno iz Župnog ureda Silba u Arhiv Zadarske nadbiskupije.,Arhiv Zadarske nadbiskupije,,
13912,Matična knjiga umrlih,1713. - 1846.,Silba,"a – papir, općenito","Cvijet sa šest latica;Slovo Z;Ptica;Slova I, M i G i kruna;Pas;Slova A, F i G;Slova I, M, S i G;Ptica u štitu",1 – papir sadrži vodeni znak,u – nepoznato,k – restaurirani originalni uvez,b – dobro očuvan,b – dobro očuvan,"Rukopis je dio zbirke glagoljskih kodeksa Zadarske nadbiskupije koju je prikupio don Pavao Kero. U zbirci se nalaze glagoljski rukopisi, uglavnom arhivsko gradivo, pronađeni u župama Zadarske nadbiskupije.",Doneseno iz Župnog ureda Silba u Arhiv Zadarske nadbiskupije.,Arhiv Zadarske nadbiskupije,,
13913,Matična knjiga krizmanih,1718. - 1825.,Silba,"a – papir, općenito",Cvijet;Slovo Z,1 – papir sadrži vodeni znak,f – karton,k – restaurirani originalni uvez,b – dobro očuvan,b – dobro očuvan,"Rukopis je dio zbirke glagoljskih kodeksa Zadarske nadbiskupije koju je prikupio don Pavao Kero. U zbirci se nalaze glagoljski rukopisi, uglavnom arhivsko gradivo, pronađeni u župama Zadarske nadbiskupije.",Doneseno iz Župnog ureda Silba u Arhiv Zadarske nadbiskupije.,Arhiv Zadarske nadbiskupije,,
13914,Knjiga Stanje duša,1698. - 1806.,Silba,"a – papir, općenito",Cvijet;Slovo Z;Nepoznato;Slova P i G,1 – papir sadrži vodeni znak,f – karton,"a – izvorni, tj. prvi",c – istrošen,c – istrošen,"Rukopis je dio zbirke glagoljskih kodeksa Zadarske nadbiskupije koju je prikupio don Pavao Kero. U zbirci se nalaze glagoljski rukopisi, uglavnom arhivsko gradivo, pronađeni u župama Zadarske nadbiskupije.",Doneseno iz Župnog ureda Silba u Arhiv Zadarske nadbiskupije.,Arhiv Zadarske nadbiskupije,,
13915,Registro dei cresimoti li 21 luglio,1825,Silba,"a – papir, općenito",,0 – papir ne sadrži vodeni znak,g – papir,"a – izvorni, tj. prvi",b – dobro očuvan,b – dobro očuvan,"Rukopis je dio zbirke glagoljskih kodeksa Zadarske nadbiskupije koju je prikupio don Pavao Kero. U zbirci se nalaze glagoljski rukopisi, uglavnom arhivsko gradivo, pronađeni u župama Zadarske nadbiskupije.",Doneseno iz Župnog ureda Silba u Arhiv Zadarske nadbiskupije.,Arhiv Zadarske nadbiskupije,,
13926,"Mandatorum, III.",1741. ‒ 1826.,Zadar,"a – papir, općenito",,,f – karton,"a – izvorni, tj. prvi",b – dobro očuvan,b – dobro očuvan,"Rukopis je dio zbirke glagoljskih kodeksa Zadarske nadbiskupije koju je prikupio don Pavao Kero. U zbirci se nalaze glagoljski rukopisi, uglavnom arhivsko gradivo, pronađeni u župama Zadarske nadbiskupije.",,Arhiv Zadarske nadbiskupije,,Odredbe Nadbiskupskog ordinarijata i dopisi svećenika.
13927,Blagajnički dnevnik,1739. – 1798.,Dobropoljana,"a – papir, općenito",,,f – karton,k – restaurirani originalni uvez,c – istrošen,c – istrošen,"Rukopis je dio zbirke glagoljskih kodeksa Zadarske nadbiskupije koju je prikupio don Pavao Kero. U zbirci se nalaze glagoljski rukopisi, uglavnom arhivsko gradivo, pronađeni u župama Zadarske nadbiskupije.",Doneseno iz Župnog ureda Dobropoljana u Arhiv Zadarske nadbiskupije.,Arhiv Zadarske nadbiskupije,,
13928,Madrikula Bratovštine Gospe Sedam žalosti,1772. - 1816.,Tkon,"a – papir, općenito",,,b – koža,k – restaurirani originalni uvez,b – dobro očuvan,b – dobro očuvan,"Rukopis je dio zbirke glagoljskih kodeksa Zadarske nadbiskupije koju je prikupio don Pavao Kero. U zbirci se nalaze glagoljski rukopisi, uglavnom arhivsko gradivo, pronađeni u župama Zadarske nadbiskupije.",Doneseno iz Župnog ureda Tkon u Arhiv Zadarske nadbiskupije.,Arhiv Zadarske nadbiskupije,,"Sadržaj: na str. 4  latinicom i glagoljicom ispisan je imenik braće svećenika, njih 17; na str. 5-7 latinicom su, malo i glagoljicom, ispisana pravila u sedam kapitula; na str. 15-50 su zapisnici godišnjih skupština i računi (na glagoljici); na str. 51 i 52 (1841.) su pravila preuređena u osam točaka."
13929,Matična knjiga krštenih,1762. i 1821.,Suhovare,"a – papir, općenito",,,h – neuvezano,h – neuvezano,,c – istrošen,"Rukopis je dio zbirke glagoljskih kodeksa Zadarske nadbiskupije koju je prikupio don Pavao Kero. U zbirci se nalaze glagoljski rukopisi, uglavnom arhivsko gradivo, pronađeni u župama Zadarske nadbiskupije.",Doneseno iz Župnog ureda Suhovare u Arhiv Zadarske nadbiskupije.,Arhiv Zadarske nadbiskupije,,
13930,Matična knjiga krštenih 1761. - 1793.,1761. - 1793.,Poličnik,"a – papir, općenito",,,b – koža;f – karton,k – restaurirani originalni uvez,b – dobro očuvan,b – dobro očuvan,"Rukopis je dio zbirke glagoljskih kodeksa Zadarske nadbiskupije koju je prikupio don Pavao Kero. U zbirci se nalaze glagoljski rukopisi, uglavnom arhivsko gradivo, pronađeni u župama Zadarske nadbiskupije.",Doneseno iz Župnog ureda Poličnik u Arhiv Zadarske nadbiskupije.,Arhiv Zadarske nadbiskupije,,
13931,Matična knjiga krštenih,1751. – 1752.,Privlaka,"a – papir, općenito",,,h – neuvezano,h – neuvezano,f – nedostaje uvez,c – istrošen,"Rukopis je dio zbirke glagoljskih kodeksa Zadarske nadbiskupije koju je prikupio don Pavao Kero. U zbirci se nalaze glagoljski rukopisi, uglavnom arhivsko gradivo, pronađeni u župama Zadarske nadbiskupije.",Doneseno iz Župnog ureda Privlaka u Arhiv Zadarske nadbiskupije.,Arhiv Zadarske nadbiskupije,,
13932,"Propovijed, konac XVIII. st.",XVIII. st.,Posedarje,"a – papir, općenito",,,f – karton,k – restaurirani originalni uvez,b – dobro očuvan,b – dobro očuvan,"Rukopis je dio zbirke glagoljskih kodeksa Zadarske nadbiskupije koju je prikupio don Pavao Kero. U zbirci se nalaze glagoljski rukopisi, uglavnom arhivsko gradivo, pronađeni u župama Zadarske nadbiskupije.",Doneseno iz župnog ureda Posedarje u Arhiv Zadarske nadbiskupije.,Arhiv Zadarske nadbiskupije,,"Ostatak veće zbirke propovijedi. Dvije su propovijedi o temi mira: ""Govorenje od mira"" (str. 1-6) i jedna propovijed o Gospi: ""Predika od Divice Marije"" (str.6). Na str. 7 nalazi se dio jedne propovijedi."
13933,Matična knjiga vjenčanih,1756. – 1784.,Privlaka,"a – papir, općenito",,,g – papir,k – restaurirani originalni uvez,g – restauriran,c – istrošen,"Rukopis je dio zbirke glagoljskih kodeksa Zadarske nadbiskupije koju je prikupio don Pavao Kero. U zbirci se nalaze glagoljski rukopisi, uglavnom arhivsko gradivo, pronađeni u župama Zadarske nadbiskupije.",Doneseno iz Župnog ureda Privlaka u Arhiv Zadarske nadbiskupije.,Arhiv Zadarske nadbiskupije,,
13934,Matična knjiga umrlih,1721. – 1822.,Privlaka,"a – papir, općenito",,,b – koža;f – karton,l – restaurirani neoriginalni uvez,b – dobro očuvan,b – dobro očuvan,"Rukopis je dio zbirke glagoljskih kodeksa Zadarske nadbiskupije koju je prikupio don Pavao Kero. U zbirci se nalaze glagoljski rukopisi, uglavnom arhivsko gradivo, pronađeni u župama Zadarske nadbiskupije.",,Arhiv Zadarske nadbiskupije,,
13935,Madrikula Bratovštine svetog Jakova 1750. – 1826.,1750. - 1826.,Soline,"a – papir, općenito",,,b – koža,k – restaurirani originalni uvez,b – dobro očuvan,b – dobro očuvan,"Rukopis je dio zbirke glagoljskih kodeksa Zadarske nadbiskupije koju je prikupio don Pavao Kero. U zbirci se nalaze glagoljski rukopisi, uglavnom arhivsko gradivo, pronađeni u župama Zadarske nadbiskupije.",Doneseno iz Župnog ureda Soline u Arhiv Zadarske nadbiskupije.,Arhiv Zadarske nadbiskupije,,"Sadržaj: 13 kapitula (str.1-4, 30), popis braće i sestara (str. 5-13), razne bilješke o Bratovštini, dugovi i troškovi župne crkve; note o Skuli sv. Križa, o prošnjama, o seoskim poslovima itd. U Bratovštinu su bila upisana braća iz okolnih sela: Veli Rat, Božava, Zverinac, Dragove i Molat, ali u malom broju. Kodeks je zanimljiv zbog bilježaka vrlo raznolikog sadržaja."
13936,Knjiga godova,1744. – 1855.,Ugljan,"a – papir, općenito",,,f – karton,k – restaurirani originalni uvez,g – restauriran,c – istrošen,"Rukopis je dio zbirke glagoljskih kodeksa Zadarske nadbiskupije koju je prikupio don Pavao Kero. U zbirci se nalaze glagoljski rukopisi, uglavnom arhivsko gradivo, pronađeni u župama Zadarske nadbiskupije.",Doneseno iz Župnog ureda Ugljan u Arhiv Zadarske nadbiskupije.,Arhiv Zadarske nadbiskupije,,"Godovi od 7. IV. do 18. V., od 14. VI. do 2. VIII., od 22. IX. do 27. X. i od 4. do 18. XII."
13937,Madrikula Bratovštine svetog Roka,1778. – 1857.,Ugljan,"a – papir, općenito",,,"a – pergament, velin;f – karton","a – izvorni, tj. prvi",b – dobro očuvan,b – dobro očuvan,"Rukopis je dio zbirke glagoljskih kodeksa Zadarske nadbiskupije koju je prikupio don Pavao Kero. U zbirci se nalaze glagoljski rukopisi, uglavnom arhivsko gradivo, pronađeni u župama Zadarske nadbiskupije.",Doneseno iz Župnog ureda Ugljan u Arhiv Zadarske nadbiskupije.,Arhiv Zadarske nadbiskupije,,
13938,Madrikula Bratovštine svetog Ante,1725. – 1820.,Vinjerac,"a – papir, općenito",,,"a – pergament, velin;f – karton","a – izvorni, tj. prvi",b – dobro očuvan,b – dobro očuvan,"Rukopis je dio zbirke glagoljskih kodeksa Zadarske nadbiskupije koju je prikupio don Pavao Kero. U zbirci se nalaze glagoljski rukopisi, uglavnom arhivsko gradivo, pronađeni u župama Zadarske nadbiskupije.",Doneseno iz Župnog ureda Vinjerac u Arhiv Zadarske nadbiskupije.,Arhiv Zadarske nadbiskupije,,
13939,Knjiga godova,,Preko,"a – papir, općenito",,,b – koža,k – restaurirani originalni uvez,b – dobro očuvan,b – dobro očuvan,"Rukopis je dio zbirke glagoljskih kodeksa Zadarske nadbiskupije koju je prikupio don Pavao Kero. U zbirci se nalaze glagoljski rukopisi, uglavnom arhivsko gradivo, pronađeni u župama Zadarske nadbiskupije.",Doneseno iz Župnog ureda Preko u Arhiv Zadarske nadbiskupije.,Arhiv Zadarske nadbiskupije,,Knjiga godova sadrži popis umrlih po danima u godini (aniversariji).
13940,Madrikula Bratovštine duš od purgatorija,1770. – 1819.,Preko,"a – papir, općenito",,,f – karton,"a – izvorni, tj. prvi",b – dobro očuvan,b – dobro očuvan,"Rukopis je dio zbirke glagoljskih kodeksa Zadarske nadbiskupije koju je prikupio don Pavao Kero. U zbirci se nalaze glagoljski rukopisi, uglavnom arhivsko gradivo, pronađeni u župama Zadarske nadbiskupije.",Doneseno iz Župnog ureda Preko u Arhiv Zadarske nadbiskupije,Arhiv Zadarske nadbiskupije,,"Sadržaj: 13 kapitula, dražbe, globe, popis bratima i sestara, te razni troškovi."
13941,Kvateran Bratovštine Gospe od Luzarija,1778. – 1845.,Preko,"a – papir, općenito",,,f – karton,k – restaurirani originalni uvez,g – restauriran,b – dobro očuvan,"Rukopis je dio zbirke glagoljskih kodeksa Zadarske nadbiskupije koju je prikupio don Pavao Kero. U zbirci se nalaze glagoljski rukopisi, uglavnom arhivsko gradivo, pronađeni u župama Zadarske nadbiskupije.",Doneseno iz Župnog ureda Preko u Arhiv Zadarske nadbiskupije.,Arhiv Zadarske nadbiskupije,,"Sadržaj: rad Bratovštine, ali bez popisa braće i kapitula. Tu je i popis gospodara kuća koji su od 1861. do 1865. davali crkvi taksu, a crkva je vodila brigu o vosku prigodom sprovoda bratima (tal. jezikom)."
13942,Libar od krizme i (o)d duš,1721. – 1825.,Ist,"a – papir, općenito",,,f – karton,k – restaurirani originalni uvez,g – restauriran,b – dobro očuvan,"Rukopis je dio zbirke glagoljskih kodeksa Zadarske nadbiskupije koju je prikupio don Pavao Kero. U zbirci se nalaze glagoljski rukopisi, uglavnom arhivsko gradivo, pronađeni u župama Zadarske nadbiskupije.",Doneseno iz Župnog ureda Ist u Arhiv Zadarske nadbiskupije.,Arhiv Zadarske nadbiskupije,,"Sadržaj: popis krizmanika (1738. - 1825.), popis onih koji se pričešćuju (1748. - 1825.) i ""broj od duš"" (1738. - 1747.). Dva zadnja popisa su statistika sela (1738. - 1825.). U njemu se nalaze i potpisi kurijalaca - revizora, nekad i biskupa pri vizitaciji. Zanimljiv kodeks zbog statistike i onomastike Ista."
13943,Knjiga godova,XIX. st.,Ist,"a – papir, općenito",,,e – umjetna tkanina,k – restaurirani originalni uvez,b – dobro očuvan,b – dobro očuvan,"Rukopis je dio zbirke glagoljskih kodeksa Zadarske nadbiskupije koju je prikupio don Pavao Kero. U zbirci se nalaze glagoljski rukopisi, uglavnom arhivsko gradivo, pronađeni u župama Zadarske nadbiskupije.",Doneseno iz Župnog ureda Ist u Arhiv Zadarske nadbiskupije.,Arhiv Zadarske nadbiskupije,,
13944,Knjiga dobara crkve svetog Nikole,1727. – 1854.,Ist,"a – papir, općenito",,,b – koža,k – restaurirani originalni uvez,b – dobro očuvan,b – dobro očuvan,"Rukopis je dio zbirke glagoljskih kodeksa Zadarske nadbiskupije koju je prikupio don Pavao Kero. U zbirci se nalaze glagoljski rukopisi, uglavnom arhivsko gradivo, pronađeni u župama Zadarske nadbiskupije.",Doneseno iz Župnog ureda Ist u Arhiv Zadarske nadbiskupije.,Arhiv Zadarske nadbiskupije,,
13945,Matična knjiga umrlih,1761. – 1777.,Vrgada,"a – papir, općenito",,,h – neuvezano,h – neuvezano,f – nedostaje uvez,e – nepotpun,"Rukopis je dio zbirke glagoljskih kodeksa Zadarske nadbiskupije koju je prikupio don Pavao Kero. U zbirci se nalaze glagoljski rukopisi, uglavnom arhivsko gradivo, pronađeni u župama Zadarske nadbiskupije.",Doneseno iz Župnog ureda Vrgada u Arhiv Zadarske nadbiskupije.,Arhiv Zadarske nadbiskupije,,
13946,Knjiga Bratovštine svetog Ružarija,1709. – 1821.,Vrgada,"a – papir, općenito",,,b – koža;f – karton,"a – izvorni, tj. prvi",b – dobro očuvan,b – dobro očuvan,"Rukopis je dio zbirke glagoljskih kodeksa Zadarske nadbiskupije koju je prikupio don Pavao Kero. U zbirci se nalaze glagoljski rukopisi, uglavnom arhivsko gradivo, pronađeni u župama Zadarske nadbiskupije.",Doneseno iz Župnog ureda Vrgada u Arhiv Zadarske nadbiskupije.,Arhiv Zadarske nadbiskupije,,"Knjiga je sastavljena od dvaju abecednih popisa (homeni, donne)."
13947,Ribarski troškovnik,,Vrgada,"a – papir, općenito",,,h – neuvezano,h – neuvezano,f – nedostaje uvez,c – istrošen,"Rukopis je dio zbirke glagoljskih kodeksa Zadarske nadbiskupije koju je prikupio don Pavao Kero. U zbirci se nalaze glagoljski rukopisi, uglavnom arhivsko gradivo, pronađeni u župama Zadarske nadbiskupije.",Doneseno iz Župnog ureda Vrgada u Arhiv Zadarske nadbiskupije.,Arhiv Zadarske nadbiskupije,,
13948,Knjiga godova,1789. – 1973.,Nadin,"a – papir, općenito",,,b – koža;f – karton,k – restaurirani originalni uvez,g – restauriran,b – dobro očuvan,"Rukopis je dio zbirke glagoljskih kodeksa Zadarske nadbiskupije koju je prikupio don Pavao Kero. U zbirci se nalaze glagoljski rukopisi, uglavnom arhivsko gradivo, pronađeni u župama Zadarske nadbiskupije.",Doneseno iz Župnog ureda Nadin u Arhiv Zadarske nadbiskupije.,Arhiv Zadarske nadbiskupije,,
13949,Matična knjiga vjenčanih,1747. – 1838.,Visočane,"a – papir, općenito",,,f – karton,k – restaurirani originalni uvez,g – restauriran,c – istrošen,"Rukopis je dio zbirke glagoljskih kodeksa Zadarske nadbiskupije koju je prikupio don Pavao Kero. U zbirci se nalaze glagoljski rukopisi, uglavnom arhivsko gradivo, pronađeni u župama Zadarske nadbiskupije.",Doneseno iz Župnog ureda Visočane u Arhiv Zadarske nadbiskupije.,Arhiv Zadarske nadbiskupije,,
13950,Matična knjiga umrlih,1712. - 1839.,Visočane,"a – papir, općenito",,,f – karton,k – restaurirani originalni uvez,g – restauriran,c – istrošen,"Rukopis je dio zbirke glagoljskih kodeksa Zadarske nadbiskupije koju je prikupio don Pavao Kero. U zbirci se nalaze glagoljski rukopisi, uglavnom arhivsko gradivo, pronađeni u župama Zadarske nadbiskupije.",Doneseno iz Župnog ureda Visočane u Arhiv Zadarske nadbiskupije.,Arhiv Zadarske nadbiskupije,,
13951,Matična knjiga krštenih župe Visočane,1786. – 1839.,Visočane,"a – papir, općenito",,,f – karton,k – restaurirani originalni uvez,g – restauriran,c – istrošen,"Rukopis je dio zbirke glagoljskih kodeksa Zadarske nadbiskupije koju je prikupio don Pavao Kero. U zbirci se nalaze glagoljski rukopisi, uglavnom arhivsko gradivo, pronađeni u župama Zadarske nadbiskupije.",Doneseno iz Župnog ureda Visočane u Arhiv Zadarske nadbiskupije.,Arhiv Zadarske nadbiskupije,,
13952,Matična knjiga umrlih,1784. – 1839.,Pakoštane,"a – papir, općenito",,,b – koža,k – restaurirani originalni uvez,g – restauriran,d – oštećen,"Rukopis je dio zbirke glagoljskih kodeksa Zadarske nadbiskupije koju je prikupio don Pavao Kero. U zbirci se nalaze glagoljski rukopisi, uglavnom arhivsko gradivo, pronađeni u župama Zadarske nadbiskupije.",Doneseno iz Župnog ureda Pakoštane u Arhiv Zadarske nadbiskupije.,Arhiv Zadarske nadbiskupije,,
13953,Knjiga Stanje duša,1690. – 1802.,Pakoštane,"a – papir, općenito",,,b – koža,k – restaurirani originalni uvez,g – restauriran,b – dobro očuvan,"Rukopis je dio zbirke glagoljskih kodeksa Zadarske nadbiskupije koju je prikupio don Pavao Kero. U zbirci se nalaze glagoljski rukopisi, uglavnom arhivsko gradivo, pronađeni u župama Zadarske nadbiskupije.",Doneseno iz Župnog ureda Pakoštane u Arhiv Zadarske nadbiskupije.,Arhiv Zadarske nadbiskupije,,
13954,Matična knjiga krštenih,1768. – 1801.,Galovac,"a – papir, općenito",,,f – karton,k – restaurirani originalni uvez,b – dobro očuvan,b – dobro očuvan,"Rukopis je dio zbirke glagoljskih kodeksa Zadarske nadbiskupije koju je prikupio don Pavao Kero. U zbirci se nalaze glagoljski rukopisi, uglavnom arhivsko gradivo, pronađeni u župama Zadarske nadbiskupije.",Doneseno iz Župnog ureda Galovac u Arhiv Zadarske nadbiskupije.,Arhiv Zadarske nadbiskupije,,
13955,Matična knjiga krštenih,1754. – 1829.,Gorica,"a – papir, općenito",,,f – karton,k – restaurirani originalni uvez,b – dobro očuvan,b – dobro očuvan,"Rukopis je dio zbirke glagoljskih kodeksa Zadarske nadbiskupije koju je prikupio don Pavao Kero. U zbirci se nalaze glagoljski rukopisi, uglavnom arhivsko gradivo, pronađeni u župama Zadarske nadbiskupije.",Doneseno iz Župnog ureda Gorica u Arhiv Zadarske nadbiskupije.,Arhiv Zadarske nadbiskupije,,
13956,Matična knjiga vjenčanih,1676. – 1729. i 1741. - 1742.,Gorica,"a – papir, općenito",,,f – karton,k – restaurirani originalni uvez,g – restauriran,b – dobro očuvan,"Rukopis je dio zbirke glagoljskih kodeksa Zadarske nadbiskupije koju je prikupio don Pavao Kero. U zbirci se nalaze glagoljski rukopisi, uglavnom arhivsko gradivo, pronađeni u župama Zadarske nadbiskupije.",Doneseno iz Župnog ureda Gorica u Arhiv Zadarske nadbiskupije.,Arhiv Zadarske nadbiskupije,,"Upisi vjenčanja u Krnčini od 26. VI. 1676. do 3. XII. 1729. i vjenčanja u Gorici od 10. XI. 1741. do 10. III. 1742. Na str. 82 zapis: ""Visto e consistente in pagine  n. 82. Dall' I. Re Capitanato Circolare Zara li 26 9bre 1827. Per impedimento dell' I. Re Cap. Circ. re."""
13957,Matična knjiga vjenčanih,1746. – 1827.,Gorica,"a – papir, općenito",,,f – karton,k – restaurirani originalni uvez,g – restauriran,b – dobro očuvan,"Rukopis je dio zbirke glagoljskih kodeksa Zadarske nadbiskupije koju je prikupio don Pavao Kero. U zbirci se nalaze glagoljski rukopisi, uglavnom arhivsko gradivo, pronađeni u župama Zadarske nadbiskupije.",Doneseno iz Župnog ureda Goric u Arhiv Zadarske nadbiskupije.,Arhiv Zadarske nadbiskupije,,
13958,Matična knjiga umrlih,1753. – 1823.,Gorica,"a – papir, općenito",,,f – karton,k – restaurirani originalni uvez,g – restauriran,b – dobro očuvan,"Rukopis je dio zbirke glagoljskih kodeksa Zadarske nadbiskupije koju je prikupio don Pavao Kero. U zbirci se nalaze glagoljski rukopisi, uglavnom arhivsko gradivo, pronađeni u župama Zadarske nadbiskupije.",Doneseno iz Župnog ureda Gorica u Arhiv Zadarske nadbiskupije.,Arhiv Zadarske nadbiskupije,,
13959,Matična knjiga umrlih,1762. – 1817.,Islam Latinski,"a – papir, općenito",,,f – karton,"a – izvorni, tj. prvi",b – dobro očuvan,b – dobro očuvan,"Rukopis je dio zbirke glagoljskih kodeksa Zadarske nadbiskupije koju je prikupio don Pavao Kero. U zbirci se nalaze glagoljski rukopisi, uglavnom arhivsko gradivo, pronađeni u župama Zadarske nadbiskupije.",,Arhiv Zadarske nadbiskupije,,"Na više se mjesta nalazi ovjera Ninske kurije pisana latinskim jezikom, npr. na listu 45r: ""In actu Sacrae Visitaionis die 17 septembris 1831 Giuseppe Novac Arcivescovo."""
13960,Matična knjiga krštenih,1590. - 1613.,Lukoran,"a – papir, općenito",,,e – umjetna tkanina;f – karton,k – restaurirani originalni uvez,g – restauriran,b – dobro očuvan,"Rukopis je dio zbirke glagoljskih kodeksa Zadarske nadbiskupije koju je prikupio don Pavao Kero. U zbirci se nalaze glagoljski rukopisi, uglavnom arhivsko gradivo, pronađeni u župama Zadarske nadbiskupije.",Doneseno iz Župnog ureda Lukoran u Arhiv Zadrske nadbiskupije.,Arhiv Zadarske nadbiskupije,,
13961,Matična knjiga umrlih,1738. – 1832.,Božava,"a – papir, općenito",,,"a – pergament, velin;f – karton","a – izvorni, tj. prvi",b – dobro očuvan,b – dobro očuvan,"Rukopis je dio zbirke glagoljskih kodeksa Zadarske nadbiskupije koju je prikupio don Pavao Kero. U zbirci se nalaze glagoljski rukopisi, uglavnom arhivsko gradivo, pronađeni u župama Zadarske nadbiskupije.",Doneseno iz Župnog ureda Božava u Arhiv Zadarske nadbiskupije.,Arhiv Zadarske nadbiskupije,,
13962,Madrikula Bratovštine svete Nedilje,1712. - 1836.,Božava,"a – papir, općenito",,,b – koža,"a – izvorni, tj. prvi",c – istrošen,c – istrošen,"Rukopis je dio zbirke glagoljskih kodeksa Zadarske nadbiskupije koju je prikupio don Pavao Kero. U zbirci se nalaze glagoljski rukopisi, uglavnom arhivsko gradivo, pronađeni u župama Zadarske nadbiskupije.",Doneseno iz Župnog ureda Božava u Arhiv Zadarske nadbiskupije,Arhiv Zadarske nadbiskupije,,
13963,Matična knjiga umrlih,1789. – 1843.,Dračevac Ninski,"a – papir, općenito",,,e – umjetna tkanina;f – karton,k – restaurirani originalni uvez,b – dobro očuvan,b – dobro očuvan,"Rukopis je dio zbirke glagoljskih kodeksa Zadarske nadbiskupije koju je prikupio don Pavao Kero. U zbirci se nalaze glagoljski rukopisi, uglavnom arhivsko gradivo, pronađeni u župama Zadarske nadbiskupije.",Doneseno iz Župnog ureda Dračevac Ninski u Arhiv Zadarske nadbiskupije.,Arhiv Zadarske nadbiskupije,,
13965,Matična knjiga krizmanih,1756. – 1848.,Kožino,"a – papir, općenito",,,f – karton,"a – izvorni, tj. prvi",b – dobro očuvan,b – dobro očuvan,"Rukopis je dio zbirke glagoljskih kodeksa Zadarske nadbiskupije koju je prikupio don Pavao Kero. U zbirci se nalaze glagoljski rukopisi, uglavnom arhivsko gradivo, pronađeni u župama Zadarske nadbiskupije.",Doneseno iz Župnog ureda Kožino u Arhiv Zadarske nadbiskupije.,Arhiv Zadarske nadbiskupije,,
13966,Bratovštine Kotara Duha Svetoga,1764. ‒ 1850.,Kožino,"a – papir, općenito",,,"a – pergament, velin;f – karton","a – izvorni, tj. prvi",c – istrošen,b – dobro očuvan,"Rukopis je dio zbirke glagoljskih kodeksa Zadarske nadbiskupije koju je prikupio don Pavao Kero. U zbirci se nalaze glagoljski rukopisi, uglavnom arhivsko gradivo, pronađeni u župama Zadarske nadbiskupije.",Doneseno iz Župnog ureda Kožino u Arhiv Zadarske nadbiskupije.,Arhiv Zadarske nadbiskupije,,
13967,Madrikula Bratovštine svetog Duha,1753,Kukljica,"a – papir, općenito",,,"a – pergament, velin;f – karton","a – izvorni, tj. prvi",c – istrošen,b – dobro očuvan,"Rukopis je dio zbirke glagoljskih kodeksa Zadarske nadbiskupije koju je prikupio don Pavao Kero. U zbirci se nalaze glagoljski rukopisi, uglavnom arhivsko gradivo, pronađeni u župama Zadarske nadbiskupije.",Doneseno iz Župnog ureda Kukljica u Arhiv Zadarske nadbiskupije.,Arhiv Zadarske nadbiskupije,,"Sadržaj: 14  kapitula, 8 naredaba, popis braće i poslovi Bratovštine."
13968,Matična knjiga vjenčanih,1765. – 1826.,Mali Iž,"a – papir, općenito",,,f – karton,k – restaurirani originalni uvez,g – restauriran,c – istrošen,"Rukopis je dio zbirke glagoljskih kodeksa Zadarske nadbiskupije koju je prikupio don Pavao Kero. U zbirci se nalaze glagoljski rukopisi, uglavnom arhivsko gradivo, pronađeni u župama Zadarske nadbiskupije.",Doneseno iz Župnog ureda Mali Iž u Arhiv Zadarske nadbiskupije.,Arhiv Zadarske nadbiskupije,,
13969,Matična knjiga krštenih,1743. – 1825.,Veli Iž,"a – papir, općenito",,,b – koža,k – restaurirani originalni uvez,g – restauriran,b – dobro očuvan,"Rukopis je dio zbirke glagoljskih kodeksa Zadarske nadbiskupije koju je prikupio don Pavao Kero. U zbirci se nalaze glagoljski rukopisi, uglavnom arhivsko gradivo, pronađeni u župama Zadarske nadbiskupije.",Doneseno iz Župnog ureda Veli Iž u Arhiv Zadarske nadbiskupije.,Arhiv Zadarske nadbiskupije,,
13970,Knjiga godova,1790. – 1862.,Veli Iž,"a – papir, općenito",,,b – koža,k – restaurirani originalni uvez,g – restauriran,g – restauriran,"Rukopis je dio zbirke glagoljskih kodeksa Zadarske nadbiskupije koju je prikupio don Pavao Kero. U zbirci se nalaze glagoljski rukopisi, uglavnom arhivsko gradivo, pronađeni u župama Zadarske nadbiskupije.",Doneseno iz Župnog ureda Veli Iž u Arhiv Zadarske nadbiskupije.,Arhiv Zadarske nadbiskupije,,Sadržaj: popis umrlih po danima u godini (bez obzira na godine smrti). Svaka stranica sadrži 4 dana. Prepisao ju je 1790. godine župnik don Ive Košta iz starog glagoljskog predloška.
13971,Madrikula Bratovštine Gospe Luzarija,1712. – 1810.,Veli Iž,"a – papir, općenito",,,"a – pergament, velin;f – karton","a – izvorni, tj. prvi",b – dobro očuvan,b – dobro očuvan,"Rukopis je dio zbirke glagoljskih kodeksa Zadarske nadbiskupije koju je prikupio don Pavao Kero. U zbirci se nalaze glagoljski rukopisi, uglavnom arhivsko gradivo, pronađeni u župama Zadarske nadbiskupije.",Doneseno iz Župnog ureda Veli Iž u Arhiv Zadarske nadbiskupije.,Arhiv Zadarske nadbiskupije,,"Sadržaj: kapituli (17), dražbe, popis članova i razne društvene bilješke."
13972,Madrikula Bratovštine svetog Duha,1729. – 1793.,Veli Iž,"a – papir, općenito",,,"a – pergament, velin;f – karton","a – izvorni, tj. prvi",b – dobro očuvan,b – dobro očuvan,"Rukopis je dio zbirke glagoljskih kodeksa Zadarske nadbiskupije koju je prikupio don Pavao Kero. U zbirci se nalaze glagoljski rukopisi, uglavnom arhivsko gradivo, pronađeni u župama Zadarske nadbiskupije.",Doneseno iz Župnog ureda Veli Iž u Arhiv Zadarske nadbiskupije.,Arhiv Zadarske nadbiskupije,,"Sadržaj: popis bratima, dražbe i računi Bratovštine; popis duža (kraljeva) te najmovi ribolova na Dugom otoku i Molatu. To je kvateran a ne statut Bratovštine."
13973,Madrikula Bratovštine svetog Roka,1753. – 1810.,Veli Iž,"a – papir, općenito",,,"a – pergament, velin;f – karton","a – izvorni, tj. prvi",c – istrošen,b – dobro očuvan,"Rukopis je dio zbirke glagoljskih kodeksa Zadarske nadbiskupije koju je prikupio don Pavao Kero. U zbirci se nalaze glagoljski rukopisi, uglavnom arhivsko gradivo, pronađeni u župama Zadarske nadbiskupije.",Doneseno iz Župnog ureda Veli Iž u Arhiv Zadarske nadbiskupije.,Arhiv Zadarske nadbiskupije,,"Sadržaj: kapituli (6), popis članova, dražbe i razne bilješke."
13975,"Bratovština Blažene Djevice Marije od Snijega, 1567.-1945.",1567.-1945.,Zadar,"e – pergament, velin",,,e – umjetna tkanina,"a – izvorni, tj. prvi",c – istrošen,c – istrošen,,,Arhiv Zadarske nadbiskupije,,
13976,Madrikula Bratovštine svetog Kirijaka,1697. – 1812.,Premuda,"a – papir, općenito",,,e – umjetna tkanina;f – karton,k – restaurirani originalni uvez,b – dobro očuvan,b – dobro očuvan,"Rukopis je dio zbirke glagoljskih kodeksa Zadarske nadbiskupije koju je prikupio don Pavao Kero. U zbirci se nalaze glagoljski rukopisi, uglavnom arhivsko gradivo, pronađeni u župama Zadarske nadbiskupije.",Doneseno iz Župnog ureda Premuda u Arhiv Zadarske nadbiskupije.,Arhiv Zadarske nadbiskupije,,"Sadržaj: 19 kapitula, popis redovnika, razni troškovi za crkvu i oltar te neke bilješke iz god. 1844., 1846., 1867., 1850. – 1890."
13977,Matična knjiga krizmanih,1651. – 1804.,Brbinj,"a – papir, općenito",,,"a – pergament, velin;f – karton","a – izvorni, tj. prvi",c – istrošen,b – dobro očuvan,"Rukopis je dio zbirke glagoljskih kodeksa Zadarske nadbiskupije koju je prikupio don Pavao Kero. U zbirci se nalaze glagoljski rukopisi, uglavnom arhivsko gradivo, pronađeni u župama Zadarske nadbiskupije.",Doneseno iz Župnog ureda Brbinj u Arhiv Zadarske nadbiskupije.,Arhiv Zadarske nadbiskupije,,
13978,Kvateran,1737. – 1739.,Brbinj,"a – papir, općenito",,,e – umjetna tkanina;f – karton,k – restaurirani originalni uvez,g – restauriran,b – dobro očuvan,"Rukopis je dio zbirke glagoljskih kodeksa Zadarske nadbiskupije koju je prikupio don Pavao Kero. U zbirci se nalaze glagoljski rukopisi, uglavnom arhivsko gradivo, pronađeni u župama Zadarske nadbiskupije.",Doneseno iz Župnog ureda Brbinj u Arhiv Zadarske nadbiskupije.,Arhiv Zadarske nadbiskupije,,Sadržaj: popis troškova za razne potrebe crkve.
13979,Matična knjiga umrlih,1658. – 1759.,Sukošan,"a – papir, općenito",,,d – platno,"a – izvorni, tj. prvi",b – dobro očuvan,c – istrošen,"Rukopis je dio zbirke glagoljskih kodeksa Zadarske nadbiskupije koju je prikupio don Pavao Kero. U zbirci se nalaze glagoljski rukopisi, uglavnom arhivsko gradivo, pronađeni u župama Zadarske nadbiskupije.",Doneseno iz Župnog ureda Sukošan u Arhiv Zadarske nadbiskupije.,Arhiv Zadarske nadbiskupije,,Sadrži mnoga prezimena iz Ravnih kotara; riječ je o ljudima koji se skloniše u Sukošan za Kandijskog rata. Na str. 12–14 zabilježeno je da su u borbi s Turcima u veljači 1662. poginula 22 Sukošanca.
13980,Madrikula Bratovštine svetog Antona,1673. - 1818.,Sukošan,"a – papir, općenito",,,b – koža,k – restaurirani originalni uvez,g – restauriran,b – dobro očuvan,"Rukopis je dio zbirke glagoljskih kodeksa Zadarske nadbiskupije koju je prikupio don Pavao Kero. U zbirci se nalaze glagoljski rukopisi, uglavnom arhivsko gradivo, pronađeni u župama Zadarske nadbiskupije.",Doneseno iz Župnog ureda Sukošan u Arhiv Zadarske nadbiskupije.,Arhiv Zadarske nadbiskupije,,"Sadržaj: 5 kapitula ‒ po jedan iz 1720., 1769., 1770., 1776. i 1783. godine (str. 16, 33 i 42),  kanti , dugovi, popis bratima i sestara, uprava."
13981,Madrikula Bratovštine svetog Kasijana,1704. - 1800.,Sukošan,"a – papir, općenito",,,b – koža;e – umjetna tkanina,k – restaurirani originalni uvez,b – dobro očuvan,b – dobro očuvan,"Rukopis je dio zbirke glagoljskih kodeksa Zadarske nadbiskupije koju je prikupio don Pavao Kero. U zbirci se nalaze glagoljski rukopisi, uglavnom arhivsko gradivo, pronađeni u župama Zadarske nadbiskupije.",Doneseno iz Župnog ureda Sukošan u Arhiv Zadarske nadbiskupije.,Arhiv Zadarske nadbiskupije,,"Sadržaj: kanti, prošnje, uprava (sudac i dva mlađa), pozajmljivanje, trošak za crkvene potrebe i druge sitnice. Kapitula nema"
13982,Madrikula Bratovštine Gospe od Milosrđa,1728. - 1818.,Sukošan,"a – papir, općenito",,,b – koža;e – umjetna tkanina,k – restaurirani originalni uvez,g – restauriran,b – dobro očuvan,"Rukopis je dio zbirke glagoljskih kodeksa Zadarske nadbiskupije koju je prikupio don Pavao Kero. U zbirci se nalaze glagoljski rukopisi, uglavnom arhivsko gradivo, pronađeni u župama Zadarske nadbiskupije.",Doneseno iz Župnog ureda Sukošan u Arhiv Zadarske nadbiskupije.,Arhiv Zadarske nadbiskupije,,"Sadržaj: 22 kapitula (19 na tal. jeziku), popis bratima ‒ svećenika (popovska skula) i sekulara, biranje uprave (sudac i jedan mlai), kanti, zajmovi, kaštige, inventar (tavajoli, pijati, peruni i sl.) itd."
13983,Libar glagoljaša don Antona Garofala od Silbe,1726,Silba,"a – papir, općenito",Peterolist;Ptica;Peterolist;Ptica;Slova P i Z;Pijetao;Ptica;Slova M i A s trolistom,1 – papir sadrži vodeni znak,e – umjetna tkanina;f – karton,k – restaurirani originalni uvez,b – dobro očuvan,b – dobro očuvan,"Rukopis je dio zbirke glagoljskih kodeksa Zadarske nadbiskupije koju je prikupio don Pavao Kero. U zbirci se nalaze glagoljski rukopisi, uglavnom arhivsko gradivo, pronađeni u župama Zadarske nadbiskupije.",Doneseno iz Župnog ureda Silba u Arhiv Zadarske nadbiskupije.,Arhiv Zadarske nadbiskupije,,"Dio rukopisa koji je pisan glagoljicom sadrži kršćanski nauk u obliku pitanja i odgovora, a dio pisan latinicom je homilija."
13984,Madrikula Bratovštine svetog Josipa,1776. – 1825.,Ljubač,"a – papir, općenito","Polumjeseci s natpisom REAL;Ornament;Slova F, G i P",1 – papir sadrži vodeni znak,b – koža,"a – izvorni, tj. prvi",b – dobro očuvan,b – dobro očuvan,"Rukopis je dio zbirke glagoljskih kodeksa Zadarske nadbiskupije koju je prikupio don Pavao Kero. U zbirci se nalaze glagoljski rukopisi, uglavnom arhivsko gradivo, pronađeni u župama Zadarske nadbiskupije.",Doneseno iz Župnog ureda Ljubač u Arhiv Zadarske nadbiskupije.,Arhiv Zadarske nadbiskupije,,
13985,Knjiga godova (I. svezak),1476. – 1860.,Olib,"a – papir, općenito",Tri polumjeseca;Slovo A;Pas,1 – papir sadrži vodeni znak,b – koža,"a – izvorni, tj. prvi",b – dobro očuvan,b – dobro očuvan,"Rukopis je dio zbirke glagoljskih kodeksa Zadarske nadbiskupije koju je prikupio don Pavao Kero. U zbirci se nalaze glagoljski rukopisi, uglavnom arhivsko gradivo, pronađeni u župama Zadarske nadbiskupije.",Doneseno iz Župnog ureda Olib u Arhiv Zadarske nadbiskupije.,Arhiv Zadarske nadbiskupije,,
13986,Knjiga godova (II. svezak),1476. – 1860.,Olib,"a – papir, općenito","Tri polumjeseca;Slova F, A i c;Tri polumjeseca",1 – papir sadrži vodeni znak,b – koža,"a – izvorni, tj. prvi",b – dobro očuvan,b – dobro očuvan,"Rukopis je dio zbirke glagoljskih kodeksa Zadarske nadbiskupije koju je prikupio don Pavao Kero. U zbirci se nalaze glagoljski rukopisi, uglavnom arhivsko gradivo, pronađeni u župama Zadarske nadbiskupije.",Doneseno iz Župnog ureda Olib u Arhiv Zadarske nadbiskupije.,Arhiv Zadarske nadbiskupije,,"Sadržaj: vlastoručni zapisi većeg broja mjesnih glagoljaša o danu slavljenja prve mise; podatci o brojnim glagoljašima iz Oliba, o zanatlijama, pomorcima – parunima, o lašima ‒ zadužbinama, i dr."
13987,Knjiga Stanje duša,1663. – 1824.,Olib,"a – papir, općenito",,,"a – pergament, velin;f – karton","a – izvorni, tj. prvi",c – istrošen,b – dobro očuvan,"Rukopis je dio zbirke glagoljskih kodeksa Zadarske nadbiskupije koju je prikupio don Pavao Kero. U zbirci se nalaze glagoljski rukopisi, uglavnom arhivsko gradivo, pronađeni u župama Zadarske nadbiskupije.",Doneseno iz Župnog ureda Olib u Arhiv Zadarske nadbiskupije.,Arhiv Zadarske nadbiskupije,,
13988,Libar legatov,1755. – 1874.,Olib,"a – papir, općenito",,,"a – pergament, velin;f – karton","a – izvorni, tj. prvi",c – istrošen,b – dobro očuvan,"Rukopis je dio zbirke glagoljskih kodeksa Zadarske nadbiskupije koju je prikupio don Pavao Kero. U zbirci se nalaze glagoljski rukopisi, uglavnom arhivsko gradivo, pronađeni u župama Zadarske nadbiskupije.",Doneseno iz Župnog ureda Olib u Arhiv Zadarske nadbiskupije.,Arhiv Zadarske nadbiskupije,,
13989,Matična knjiga vjenčanih,1623. – 1650.,Silba,"a – papir, općenito",,,f – karton,k – restaurirani originalni uvez,b – dobro očuvan,b – dobro očuvan,"Rukopis je dio zbirke glagoljskih kodeksa Zadarske nadbiskupije koju je prikupio don Pavao Kero. U zbirci se nalaze glagoljski rukopisi, uglavnom arhivsko gradivo, pronađeni u župama Zadarske nadbiskupije.",Doneseno iz Župnog ureda Silba u Arhiv Zadarske nadbiskupije.,Arhiv Zadarske nadbiskupije,,
13990,Matična knjiga vjenčanih,1696. – 1712.,Silba,"a – papir, općenito",,,e – umjetna tkanina;f – karton,k – restaurirani originalni uvez,g – restauriran,b – dobro očuvan,"Rukopis je dio zbirke glagoljskih kodeksa Zadarske nadbiskupije koju je prikupio don Pavao Kero. U zbirci se nalaze glagoljski rukopisi, uglavnom arhivsko gradivo, pronađeni u župama Zadarske nadbiskupije.",Doneseno iz Župnog ureda Silba u Arhiv Zadarske nadbiskupije.,Arhiv Zadarske nadbiskupije,,
13991,Matična knjiga krizmanih,1626. – 1643.,Silba,"a – papir, općenito",,,f – karton,k – restaurirani originalni uvez,b – dobro očuvan,b – dobro očuvan,"Rukopis je dio zbirke glagoljskih kodeksa Zadarske nadbiskupije koju je prikupio don Pavao Kero. U zbirci se nalaze glagoljski rukopisi, uglavnom arhivsko gradivo, pronađeni u župama Zadarske nadbiskupije.",Doneseno iz Župnog ureda Silba u Arhiv Zadarske nadbiskupije.,Arhiv Zadarske nadbiskupije,,
13992,Matična knjiga krštenih,1766. – 1825.,Seline,"a – papir, općenito",,,e – umjetna tkanina;f – karton,k – restaurirani originalni uvez,b – dobro očuvan,b – dobro očuvan,"Rukopis je dio zbirke glagoljskih kodeksa Zadarske nadbiskupije koju je prikupio don Pavao Kero. U zbirci se nalaze glagoljski rukopisi, uglavnom arhivsko gradivo, pronađeni u župama Zadarske nadbiskupije.",Doneseno iz Župnog ureda Seline u Arhiv Zadarske nadbiskupije.,Arhiv Zadarske nadbiskupije,,
13993,Knjiga Stanje duša i Knjiga onih koji se pričešćuju i ispovidaju,XVII. i XVIII. st.,Biograd na Moru,"a – papir, općenito",,,b – koža,k – restaurirani originalni uvez,g – restauriran,b – dobro očuvan,"Rukopis je dio zbirke glagoljskih kodeksa Zadarske nadbiskupije koju je prikupio don Pavao Kero. U zbirci se nalaze glagoljski rukopisi, uglavnom arhivsko gradivo, pronađeni u župama Zadarske nadbiskupije.",Doneseno iz Župnog ureda Biograd na Moru u Arhiv Zadarske nadbiskupije.,Arhiv Zadarske nadbiskupije,,
13994,Madrikula Bratovštine svetog Martina,1753. - 1818.,Sukošan,"a – papir, općenito",,,b – koža,k – restaurirani originalni uvez,g – restauriran,b – dobro očuvan,"Rukopis je dio zbirke glagoljskih kodeksa Zadarske nadbiskupije koju je prikupio don Pavao Kero. U zbirci se nalaze glagoljski rukopisi, uglavnom arhivsko gradivo, pronađeni u župama Zadarske nadbiskupije.",Doneseno iz Župnog ureda Sukošan u Arhiv Zadarske nadbiskupije.,Arhiv Zadarske nadbiskupije,,"Sadržaj: 9 kapitula iz god. 1753., jedan iz god. 1793. i jedan iz god. 1797.; popis bratima (samo muški); kanti (dražbe); izbor uprave (1 sudac i 2 mlađa), predaja novca, prošnja, troškovi za braštinu, posudba novca braći itd."
13995,Matična knjiga krštenih,1713. – 1825.,Bibinje,"a – papir, općenito",,,e – umjetna tkanina;f – karton,k – restaurirani originalni uvez,b – dobro očuvan,b – dobro očuvan,"Rukopis je dio zbirke glagoljskih kodeksa Zadarske nadbiskupije koju je prikupio don Pavao Kero. U zbirci se nalaze glagoljski rukopisi, uglavnom arhivsko gradivo, pronađeni u župama Zadarske nadbiskupije.",Doneseno iz Župnog ureda Bibinje u Arhiv Zadarske nadbiskupije.,Arhiv Zadarske nadbiskupije,,"Godine 1813.  predana francuskim vlastima u Zadru, ali vraćena (str. 302). Na str. 188 piše: ""I bio je poslušan Sv(etoj) Materi crikvi"" i još nešto nečitljivo, te azbuka u kurzivnoj bosančici."
13996,Matična knjiga vjenčanih,1714. - 1825.,Bibinje,"a – papir, općenito",,,e – umjetna tkanina;f – karton,k – restaurirani originalni uvez,b – dobro očuvan,b – dobro očuvan,"Rukopis je dio zbirke glagoljskih kodeksa Zadarske nadbiskupije koju je prikupio don Pavao Kero. U zbirci se nalaze glagoljski rukopisi, uglavnom arhivsko gradivo, pronađeni u župama Zadarske nadbiskupije.",Doneseno iz Župnog ureda Bibinje u Arhiv Zadarske nadbiskupije.,Arhiv Zadarske nadbiskupije,,"Na str. 80 je zapis na talijanskom jeziku o tome kako je Maticu oduzela francuska vlast. Na  str. 164 zapis: ""Bibigne don Giorgio Boxulich parroco 1821."""
13997,Matična knjiga umrlih,1713. - 1816.,Bibinje,"a – papir, općenito",,,f – karton,"a – izvorni, tj. prvi",c – istrošen,c – istrošen,"Rukopis je dio zbirke glagoljskih kodeksa Zadarske nadbiskupije koju je prikupio don Pavao Kero. U zbirci se nalaze glagoljski rukopisi, uglavnom arhivsko gradivo, pronađeni u župama Zadarske nadbiskupije.",Doneseno iz Župnog ureda Bibinje u Arhiv Zadarske nadbiskupije.,Arhiv Zadarske nadbiskupije,,"Na str. 206 zapis: ""Zara li 12 Gennaro 1813. Io sottoscritto Parroco della Villa di Bibigne dichiaro di aver in questo giorno depositato nell' Archivio della Comune di Zara il presente registro delle morti… ijo Parroco Don Marko Lovrovich…"""
13998,Knjiga godova,1811,Bibinje,"a – papir, općenito",,,e – umjetna tkanina;f – karton,k – restaurirani originalni uvez,g – restauriran,b – dobro očuvan,"Rukopis je dio zbirke glagoljskih kodeksa Zadarske nadbiskupije koju je prikupio don Pavao Kero. U zbirci se nalaze glagoljski rukopisi, uglavnom arhivsko gradivo, pronađeni u župama Zadarske nadbiskupije.",Doneseno iz Župnog ureda Bibinje u Arhiv Zadarske nadbiskupije.,Arhiv Zadarske nadbiskupije,,Sadržaj: aniversariji po danima u godini bez obzira na godine smrti.
13999,Madrikula Bratovštine Blažene Gospe od Začeća u Bibinjama,1710. – 1892.,Bibinje,"a – papir, općenito",,,b – koža;e – umjetna tkanina,k – restaurirani originalni uvez,b – dobro očuvan,b – dobro očuvan,"Rukopis je dio zbirke glagoljskih kodeksa Zadarske nadbiskupije koju je prikupio don Pavao Kero. U zbirci se nalaze glagoljski rukopisi, uglavnom arhivsko gradivo, pronađeni u župama Zadarske nadbiskupije.",Doneseno iz Župnog ureda Bibinje u Arhiv Zadarske nadbiskupije.,Arhiv Zadarske nadbiskupije,,
14000,Kvateran Župe svetog Ante,1784. – 1795.,Radošinovci,"a – papir, općenito",,,e – umjetna tkanina;f – karton,k – restaurirani originalni uvez,g – restauriran,b – dobro očuvan,"Rukopis je dio zbirke glagoljskih kodeksa Zadarske nadbiskupije koju je prikupio don Pavao Kero. U zbirci se nalaze glagoljski rukopisi, uglavnom arhivsko gradivo, pronađeni u župama Zadarske nadbiskupije.",Doneseno iz Župnog ureda Radošinovci u Arhiv Zadarske nadbiskupije.,Arhiv Zadarske nadbiskupije,,
14001,Knjiga godova,1624. – 1867.,Sestrunj,"a – papir, općenito",,,e – umjetna tkanina;f – karton,k – restaurirani originalni uvez,g – restauriran,b – dobro očuvan,"Rukopis je dio zbirke glagoljskih kodeksa Zadarske nadbiskupije koju je prikupio don Pavao Kero. U zbirci se nalaze glagoljski rukopisi, uglavnom arhivsko gradivo, pronađeni u župama Zadarske nadbiskupije.",Doneseno iz Župnog ureda Sestrunj u Arhiv Zadarske nadbiskupije.,Arhiv Zadarske nadbiskupije,,"Na svakoj su stranici aniversariji za 4 dana. Nedostaju godovi od 20. do 30. travnja, koje je kurzivnom glagoljicom popunio don L. Finka, župnik. Na nekim je mjestima početno slovo napisano  librarijom."
14002,Madrikula Gospe od Prikazanja (Zdravlja),1777. – 1896.,Sestrunj,"a – papir, općenito",,,"a – pergament, velin;f – karton","a – izvorni, tj. prvi",c – istrošen,b – dobro očuvan,"Rukopis je dio zbirke glagoljskih kodeksa Zadarske nadbiskupije koju je prikupio don Pavao Kero. U zbirci se nalaze glagoljski rukopisi, uglavnom arhivsko gradivo, pronađeni u župama Zadarske nadbiskupije.",Doneseno iz Župnog ureda Sestrunj u Arhiv Zadarske nadbiskupije.,Arhiv Zadarske nadbiskupije,,"Sadržaj: 12  kapitula, popis bratima i sestara (bilo je braće iz Ugljana, Brbinja, Oliba, Molata i Povljane na o.Pagu); računi, prošnje, posudbe novca drugima itd. Godine 1772. spominje se Bratovština sv. Petra, a 1785. Bratovština Sv. Sakramenta (sa 3 i 4 kapitula). God. 1890. upisani računi Bratovštine ‒""LIBAR I."""
14003,Blagajnički dnevnik župne crkve svetog Petra,1799. – 1826.,Sestrunj,"a – papir, općenito",,,"a – pergament, velin;f – karton","a – izvorni, tj. prvi",c – istrošen,b – dobro očuvan,"Rukopis je dio zbirke glagoljskih kodeksa Zadarske nadbiskupije koju je prikupio don Pavao Kero. U zbirci se nalaze glagoljski rukopisi, uglavnom arhivsko gradivo, pronađeni u župama Zadarske nadbiskupije.",Doneseno iz Župnog ureda Sestrunj u Arhiv Zadarske nadbiskupije.,Arhiv Zadarske nadbiskupije,,"Unutar rukopisa nalazi se i poslovanje Skule Gospe od Zdravlja od 1881. do 1887., te od 1894. do 1908. godine."
14004,Madrikula Bratovštine Gospe Dubovice,1695. - 1858.,Dragove,"a – papir, općenito",,,b – koža;e – umjetna tkanina,k – restaurirani originalni uvez,g – restauriran,b – dobro očuvan,"Rukopis je dio zbirke glagoljskih kodeksa Zadarske nadbiskupije koju je prikupio don Pavao Kero. U zbirci se nalaze glagoljski rukopisi, uglavnom arhivsko gradivo, pronađeni u župama Zadarske nadbiskupije.",Doneseno iz Župnog ureda Dragove u Arhiv Zadarske nadbiskupije.,Arhiv Zadarske nadbiskupije,,"Sadržaj: prošnje, dražbe, milostinje, prodaje vina, ulja itd. Tu se nalazi i zapisnik osnutka Bratovštine Gospe od Ružarija iz godine 1858. pisan latinicom te popis bratima i sestara (str. 144‒148)."
14005,Madrikula bratovštine duš purgatorija,1755. – 1818.,Dragove,"a – papir, općenito",,,e – umjetna tkanina;f – karton,k – restaurirani originalni uvez,g – restauriran,c – istrošen,"Rukopis je dio zbirke glagoljskih kodeksa Zadarske nadbiskupije koju je prikupio don Pavao Kero. U zbirci se nalaze glagoljski rukopisi, uglavnom arhivsko gradivo, pronađeni u župama Zadarske nadbiskupije.",Doneseno iz Župnog ureda Dragove u Arhiv Zadarske nadbiskupije.,Arhiv Zadarske nadbiskupije,,
